Account Name,Linkedin Name,Google Hit
Ryder Homes,ryder-homes,1
Lincoln Property Company,lincoln-property-company,1
Bozzuto Homes,the-bozzuto-group,1
Drees Homes,drees-homes,1
Simpson Housing,simpson-housing,1
Legacy Homes,legacy-homes,1
Beechwood Homes,beechwood-homes-ny,1
"Discovery Builders, Inc. and Seeno Homes",discovery-builders-inc.,1
"Bill Beazley Homes, Inc.",bill-beazley-homes-inc-,1
Vantage Homes Corp,vantage-homes,1
Kerley Family Homes,kerley-family-homes,1
McCaffrey Homes,mccaffrey-homes,1
Wormald Homes,wormaldcompanies,2
Antares Homes,antares-homes,1
Ence Homes,ence-homes,1
Traton Homes,traton-homes,1
Edward Rose Building Enterprise,edward-rose-&-sons,1
Carefree Homes II LP,carefree-homes-&-realty-inc.,1
EYA,eya,1
,,
,,
,,
,,
,,
,,
,,
,,
,,
,,
,,
,,
,,
,,
,,
,,
,,
,,
,,
,,
,,
,,
,,
,,
,,
,,
,,
,,
,,
,,
,,
,,
,,
,,
,,
,,
,,
,,
,,
,,
,,
,,
,,
,,
,,
,,
,,
,,
,,
,,
,,
,,
,,
,,
,,
,,
,,
,,
,,
,,
,,
,,
,,
,,
,,
,,
,,
